timestamp,current,current_change,moving_avg_5,moving_avg_10,std_dev,max_last_10,min_last_10,range_last_10,label
1762784000.6844969,0,0,0,0,0,0,0,0,0
1762784000.7901492,0,0,0.0,0.0,0.0,0,0,0,0
1762784000.892216,0,0,0.0,0.0,0.0,0,0,0,0
1762784000.996085,0,0,0.0,0.0,0.0,0,0,0,0
1762784001.102157,6,6,1.2,1.2,2.4,6,0,6,1
1762784001.2076218,12,6,3.6,3.0,4.58257569495584,12,0,12,1
1762784001.313094,16,4,6.8,4.857142857142857,6.220440302022069,16,0,16,1
1762784001.418738,19,3,10.6,6.625,7.465545860819556,19,0,19,1
1762784001.5227451,22,3,15.0,8.333333333333334,8.537498983243799,22,0,22,1
1762784001.627794,24,2,18.6,9.9,9.364293886887573,24,0,24,1
1762784001.730162,25,1,21.2,12.4,9.718024490605075,25,0,25,1
1762784001.834982,27,2,23.4,15.1,9.648315915225828,27,0,27,1
1762784001.9388201,28,1,25.2,17.9,8.89325587172662,28,0,28,1
1762784002.0402691,29,1,26.6,20.8,7.138627319029899,29,6,23,1
1762784002.145678,29,0,27.6,23.1,5.52177507691141,29,12,17,1
1762784002.247398,30,1,28.6,24.9,4.437341546466758,30,16,14,1
1762784002.352591,30,0,29.2,26.3,3.5227829907617076,30,19,11,1
1762784002.457792,31,1,29.8,27.5,2.80178514522438,31,22,9,1
1762784002.562988,31,0,30.2,28.4,2.289104628451919,31,24,7,1
1762784002.663506,31,0,30.6,29.1,1.8681541692269408,31,25,6,0
1762784002.766975,31,0,30.8,29.7,1.345362404707371,31,27,4,0
1762784002.869885,31,0,31.0,30.1,1.0440306508910548,31,28,3,0
1762784002.9721391,32,1,31.2,30.5,0.9219544457292888,32,29,3,0
1762784003.079202,32,0,31.4,30.8,0.8717797887081349,32,29,3,0
1762784003.183685,32,0,31.6,31.1,0.7,32,30,2,0
1762784003.288974,32,0,31.8,31.3,0.6403124237432849,32,30,2,0
1762784003.394498,32,0,32.0,31.5,0.5,32,31,1,0
1762784003.497782,32,0,32.0,31.6,0.4898979485566356,32,31,1,0
1762784003.60374,32,0,32.0,31.7,0.45825756949558405,32,31,1,0
1762784003.705436,32,0,32.0,31.8,0.40000000000000013,32,31,1,0
1762784003.811734,32,0,32.0,31.9,0.2999999999999999,32,31,1,0
1762784003.917313,32,0,32.0,32.0,0.0,32,32,0,0
1762784004.023495,32,0,32.0,32.0,0.0,32,32,0,0
1762784004.1261241,32,0,32.0,32.0,0.0,32,32,0,0
1762784004.2317388,32,0,32.0,32.0,0.0,32,32,0,0
1762784004.335295,32,0,32.0,32.0,0.0,32,32,0,0
1762784004.4406111,32,0,32.0,32.0,0.0,32,32,0,0
1762784004.545981,32,0,32.0,32.0,0.0,32,32,0,0
1762784004.649141,32,0,32.0,32.0,0.0,32,32,0,0
1762784004.755662,32,0,32.0,32.0,0.0,32,32,0,0
1762784004.8619268,32,0,32.0,32.0,0.0,32,32,0,0
1762784004.96341,32,0,32.0,32.0,0.0,32,32,0,0
1762784005.065282,32,0,32.0,32.0,0.0,32,32,0,0
1762784005.167487,32,0,32.0,32.0,0.0,32,32,0,0
1762784005.272038,32,0,32.0,32.0,0.0,32,32,0,0
1762784005.373407,32,0,32.0,32.0,0.0,32,32,0,0
1762784005.4759722,32,0,32.0,32.0,0.0,32,32,0,0
1762784005.582291,32,0,32.0,32.0,0.0,32,32,0,0
1762784005.687875,32,0,32.0,32.0,0.0,32,32,0,0
1762784005.794208,32,0,32.0,32.0,0.0,32,32,0,0
1762784005.899307,32,0,32.0,32.0,0.0,32,32,0,0
1762784006.005502,32,0,32.0,32.0,0.0,32,32,0,0
1762784006.110155,32,0,32.0,32.0,0.0,32,32,0,0
1762784006.212801,32,0,32.0,32.0,0.0,32,32,0,0
1762784006.318618,32,0,32.0,32.0,0.0,32,32,0,0
1762784006.423768,32,0,32.0,32.0,0.0,32,32,0,0
1762784006.5259058,32,0,32.0,32.0,0.0,32,32,0,0
1762784006.629322,32,0,32.0,32.0,0.0,32,32,0,0
1762784006.733758,32,0,32.0,32.0,0.0,32,32,0,0
1762784006.838423,32,0,32.0,32.0,0.0,32,32,0,0
1762784006.943943,32,0,32.0,32.0,0.0,32,32,0,0
1762784007.04956,32,0,32.0,32.0,0.0,32,32,0,0
1762784007.155622,32,0,32.0,32.0,0.0,32,32,0,0
1762784007.259153,32,0,32.0,32.0,0.0,32,32,0,0
1762784007.36518,32,0,32.0,32.0,0.0,32,32,0,0
1762784007.471183,32,0,32.0,32.0,0.0,32,32,0,0
1762784007.57568,32,0,32.0,32.0,0.0,32,32,0,0
1762784007.681716,32,0,32.0,32.0,0.0,32,32,0,0
1762784007.787853,32,0,32.0,32.0,0.0,32,32,0,0
1762784007.8920488,32,0,32.0,32.0,0.0,32,32,0,0
1762784007.994197,32,0,32.0,32.0,0.0,32,32,0,0
1762784008.0982988,32,0,32.0,32.0,0.0,32,32,0,0
1762784008.204222,32,0,32.0,32.0,0.0,32,32,0,0
1762784008.3103318,32,0,32.0,32.0,0.0,32,32,0,0
1762784008.415236,32,0,32.0,32.0,0.0,32,32,0,0
1762784008.521049,32,0,32.0,32.0,0.0,32,32,0,0
1762784008.6271381,32,0,32.0,32.0,0.0,32,32,0,0
1762784008.7332249,32,0,32.0,32.0,0.0,32,32,0,0
1762784008.838836,32,0,32.0,32.0,0.0,32,32,0,0
1762784008.940254,32,0,32.0,32.0,0.0,32,32,0,0
1762784009.0465128,32,0,32.0,32.0,0.0,32,32,0,0
1762784009.150768,32,0,32.0,32.0,0.0,32,32,0,0
1762784009.255688,32,0,32.0,32.0,0.0,32,32,0,0
1762784009.360985,32,0,32.0,32.0,0.0,32,32,0,0
1762784009.467289,32,0,32.0,32.0,0.0,32,32,0,0
1762784009.573309,32,0,32.0,32.0,0.0,32,32,0,0
1762784009.6775491,32,0,32.0,32.0,0.0,32,32,0,0
1762784009.781363,32,0,32.0,32.0,0.0,32,32,0,0
1762784009.887434,32,0,32.0,32.0,0.0,32,32,0,0
1762784009.993344,32,0,32.0,32.0,0.0,32,32,0,0
1762784010.097055,32,0,32.0,32.0,0.0,32,32,0,0
1762784010.198164,32,0,32.0,32.0,0.0,32,32,0,0
1762784010.300782,32,0,32.0,32.0,0.0,32,32,0,0
1762784010.406802,32,0,32.0,32.0,0.0,32,32,0,0
1762784010.5097542,32,0,32.0,32.0,0.0,32,32,0,0
1762784010.615765,32,0,32.0,32.0,0.0,32,32,0,0
1762784010.7211561,32,0,32.0,32.0,0.0,32,32,0,0
1762784010.827204,32,0,32.0,32.0,0.0,32,32,0,0
1762784010.9326642,32,0,32.0,32.0,0.0,32,32,0,0
1762784011.037976,32,0,32.0,32.0,0.0,32,32,0,0
1762784011.142522,26,6,30.8,31.4,1.8,32,26,6,1
1762784011.248041,20,6,28.4,30.2,3.8418745424597094,32,20,12,1
1762784011.3486269,16,4,25.2,28.6,5.660388679233963,32,16,16,1
1762784011.454039,13,3,21.4,26.7,7.184010022264724,32,13,19,1
1762784011.559894,10,3,17.0,24.5,8.476437931112336,32,10,22,1
1762784011.6640918,8,2,13.4,22.1,9.364293886887575,32,8,24,1
1762784011.7697961,7,1,10.8,19.6,9.718024490605075,32,7,25,1
1762784011.8720698,5,2,8.6,16.9,9.648315915225828,32,5,27,1
1762784011.977508,4,1,6.8,14.1,8.89325587172662,32,4,28,1
1762784012.080265,3,1,5.4,11.2,7.138627319029899,26,3,23,1
1762784012.182184,3,0,4.4,8.9,5.52177507691141,20,3,17,1
1762784012.288459,2,1,3.4,7.1,4.437341546466758,16,2,14,1
1762784012.3944929,2,0,2.8,5.7,3.5227829907617076,13,2,11,1
1762784012.496099,1,1,2.2,4.5,2.80178514522438,10,1,9,1
1762784012.6007712,1,0,1.8,3.6,2.2891046284519194,8,1,7,1
1762784012.703594,1,0,1.4,2.9,1.8681541692269403,7,1,6,0
1762784012.809173,1,0,1.2,2.3,1.3453624047073711,5,1,4,0
1762784012.913666,1,0,1.0,1.9,1.044030650891055,4,1,3,0
1762784013.0150468,0,1,0.8,1.5,0.9219544457292888,3,0,3,0
1762784013.121092,0,0,0.6,1.2,0.8717797887081347,3,0,3,0
1762784013.226924,0,0,0.4,0.9,0.7000000000000001,2,0,2,0
1762784013.329658,0,0,0.2,0.7,0.6403124237432849,2,0,2,0
1762784013.435713,0,0,0.0,0.5,0.5,1,0,1,0
1762784013.540842,0,0,0.0,0.4,0.4898979485566357,1,0,1,0
1762784013.6470761,0,0,0.0,0.3,0.45825756949558405,1,0,1,0
1762784013.753531,0,0,0.0,0.2,0.4000000000000001,1,0,1,0
1762784013.859754,0,0,0.0,0.1,0.30000000000000004,1,0,1,0
1762784013.963886,0,0,0.0,0.0,0.0,0,0,0,0
1762784014.065315,0,0,0.0,0.0,0.0,0,0,0,0
1762784014.1712792,0,0,0.0,0.0,0.0,0,0,0,0
1762784014.275359,0,0,0.0,0.0,0.0,0,0,0,0
1762784014.3766952,0,0,0.0,0.0,0.0,0,0,0,0
1762784014.4810529,0,0,0.0,0.0,0.0,0,0,0,0
1762784014.4810529,0,0,0.0,0.0,0.0,0,0,0,0
1762784014.58672,0,0,0.0,0.0,0.0,0,0,0,0
1762784014.692283,0,0,0.0,0.0,0.0,0,0,0,0
1762784014.796145,0,0,0.0,0.0,0.0,0,0,0,0
1762784015.107624,0,0,0.0,0.0,0.0,0,0,0,0
1762784015.210334,0,0,0.0,0.0,0.0,0,0,0,0
1762784015.3115242,0,0,0.0,0.0,0.0,0,0,0,0
1762784015.41561,0,0,0.0,0.0,0.0,0,0,0,0
1762784015.52119,0,0,0.0,0.0,0.0,0,0,0,0
1762784015.622831,0,0,0.0,0.0,0.0,0,0,0,0
1762784015.725479,0,0,0.0,0.0,0.0,0,0,0,0
1762784015.830915,0,0,0.0,0.0,0.0,0,0,0,0
1762784015.934624,0,0,0.0,0.0,0.0,0,0,0,0
1762784016.039522,0,0,0.0,0.0,0.0,0,0,0,0
1762784016.141823,0,0,0.0,0.0,0.0,0,0,0,0
1762784016.247275,0,0,0.0,0.0,0.0,0,0,0,0
1762784016.348824,0,0,0.0,0.0,0.0,0,0,0,0
1762784016.454582,0,0,0.0,0.0,0.0,0,0,0,0
1762784016.560937,0,0,0.0,0.0,0.0,0,0,0,0
1762784016.6669812,0,0,0.0,0.0,0.0,0,0,0,0
1762784016.767715,0,0,0.0,0.0,0.0,0,0,0,0
1762784016.8693252,0,0,0.0,0.0,0.0,0,0,0,0
1762784016.9741828,0,0,0.0,0.0,0.0,0,0,0,0
1762784017.080155,0,0,0.0,0.0,0.0,0,0,0,0
1762784017.1845021,0,0,0.0,0.0,0.0,0,0,0,0
1762784017.289228,0,0,0.0,0.0,0.0,0,0,0,0
1762784017.393646,0,0,0.0,0.0,0.0,0,0,0,0
1762784017.499775,0,0,0.0,0.0,0.0,0,0,0,0
1762784017.604735,0,0,0.0,0.0,0.0,0,0,0,0
1762784017.708062,0,0,0.0,0.0,0.0,0,0,0,0
1762784017.8115468,0,0,0.0,0.0,0.0,0,0,0,0
1762784017.9174762,0,0,0.0,0.0,0.0,0,0,0,0
1762784018.021215,0,0,0.0,0.0,0.0,0,0,0,0
1762784018.125879,0,0,0.0,0.0,0.0,0,0,0,0
1762784018.230361,0,0,0.0,0.0,0.0,0,0,0,0
1762784018.3368719,0,0,0.0,0.0,0.0,0,0,0,0
1762784018.438858,0,0,0.0,0.0,0.0,0,0,0,0
1762784018.544846,0,0,0.0,0.0,0.0,0,0,0,0
1762784018.649023,0,0,0.0,0.0,0.0,0,0,0,0
1762784018.7552938,0,0,0.0,0.0,0.0,0,0,0,0
1762784018.85845,0,0,0.0,0.0,0.0,0,0,0,0
1762784018.96382,0,0,0.0,0.0,0.0,0,0,0,0
1762784019.069849,0,0,0.0,0.0,0.0,0,0,0,0
1762784019.1753201,0,0,0.0,0.0,0.0,0,0,0,0
1762784019.279476,0,0,0.0,0.0,0.0,0,0,0,0
1762784019.381817,0,0,0.0,0.0,0.0,0,0,0,0
1762784019.381817,0,0,0.0,0.0,0.0,0,0,0,0
1762784019.488082,0,0,0.0,0.0,0.0,0,0,0,0
1762784019.594135,0,0,0.0,0.0,0.0,0,0,0,0
1762784019.699209,0,0,0.0,0.0,0.0,0,0,0,0
1762784019.801492,0,0,0.0,0.0,0.0,0,0,0,0
1762784019.906144,0,0,0.0,0.0,0.0,0,0,0,0
1762784020.009001,0,0,0.0,0.0,0.0,0,0,0,0
1762784020.112938,0,0,0.0,0.0,0.0,0,0,0,0
1762784020.217858,0,0,0.0,0.0,0.0,0,0,0,0
1762784020.3225758,0,0,0.0,0.0,0.0,0,0,0,0
1762784020.4251862,0,0,0.0,0.0,0.0,0,0,0,0
1762784020.52966,0,0,0.0,0.0,0.0,0,0,0,0
1762784020.635551,0,0,0.0,0.0,0.0,0,0,0,0
1762784020.7413702,0,0,0.0,0.0,0.0,0,0,0,0
1762784020.848135,0,0,0.0,0.0,0.0,0,0,0,0
1762784020.950968,0,0,0.0,0.0,0.0,0,0,0,0
1762784021.052962,0,0,0.0,0.0,0.0,0,0,0,0
1762784021.158599,0,0,0.0,0.0,0.0,0,0,0,0
1762784021.259812,0,0,0.0,0.0,0.0,0,0,0,0
1762784021.3633869,0,0,0.0,0.0,0.0,0,0,0,0
1762784021.469066,0,0,0.0,0.0,0.0,0,0,0,0
1762784021.5725372,0,0,0.0,0.0,0.0,0,0,0,0
1762784021.678016,0,0,0.0,0.0,0.0,0,0,0,0
1762784021.779136,0,0,0.0,0.0,0.0,0,0,0,0
1762784021.880791,0,0,0.0,0.0,0.0,0,0,0,0
1762784021.984254,0,0,0.0,0.0,0.0,0,0,0,0
1762784022.090678,0,0,0.0,0.0,0.0,0,0,0,0
1762784022.192721,0,0,0.0,0.0,0.0,0,0,0,0
1762784022.297714,0,0,0.0,0.0,0.0,0,0,0,0
1762784022.4037929,0,0,0.0,0.0,0.0,0,0,0,0
1762784022.509087,0,0,0.0,0.0,0.0,0,0,0,0
1762784022.614681,0,0,0.0,0.0,0.0,0,0,0,0
1762784022.720462,0,0,0.0,0.0,0.0,0,0,0,0
1762784022.826399,0,0,0.0,0.0,0.0,0,0,0,0
1762784022.928763,0,0,0.0,0.0,0.0,0,0,0,0
1762784023.033088,0,0,0.0,0.0,0.0,0,0,0,0
1762784023.1357498,0,0,0.0,0.0,0.0,0,0,0,0
1762784023.239993,0,0,0.0,0.0,0.0,0,0,0,0
1762784023.345985,0,0,0.0,0.0,0.0,0,0,0,0
1762784023.4520671,0,0,0.0,0.0,0.0,0,0,0,0
1762784023.558068,0,0,0.0,0.0,0.0,0,0,0,0
1762784023.6638122,0,0,0.0,0.0,0.0,0,0,0,0
1762784023.769448,0,0,0.0,0.0,0.0,0,0,0,0
1762784023.875351,0,0,0.0,0.0,0.0,0,0,0,0
1762784023.979659,0,0,0.0,0.0,0.0,0,0,0,0
1762784024.084339,0,0,0.0,0.0,0.0,0,0,0,0
1762784024.187212,0,0,0.0,0.0,0.0,0,0,0,0
1762784024.2934148,0,0,0.0,0.0,0.0,0,0,0,0
1762784024.397473,0,0,0.0,0.0,0.0,0,0,0,0
1762784024.5008168,0,0,0.0,0.0,0.0,0,0,0,0
1762784024.602988,0,0,0.0,0.0,0.0,0,0,0,0
1762784024.7074702,0,0,0.0,0.0,0.0,0,0,0,0
1762784024.813437,0,0,0.0,0.0,0.0,0,0,0,0
1762784024.917142,0,0,0.0,0.0,0.0,0,0,0,0
1762784025.018757,0,0,0.0,0.0,0.0,0,0,0,0
1762784025.1220648,0,0,0.0,0.0,0.0,0,0,0,0
1762784025.226515,0,0,0.0,0.0,0.0,0,0,0,0
1762784025.331139,0,0,0.0,0.0,0.0,0,0,0,0
1762784025.4363499,0,0,0.0,0.0,0.0,0,0,0,0
1762784025.5420742,0,0,0.0,0.0,0.0,0,0,0,0
1762784025.644404,0,0,0.0,0.0,0.0,0,0,0,0
1762784025.750012,0,0,0.0,0.0,0.0,0,0,0,0
1762784025.8555179,0,0,0.0,0.0,0.0,0,0,0,0
1762784025.957929,0,0,0.0,0.0,0.0,0,0,0,0
1762784026.0628638,6,6,1.2,0.6,1.8000000000000003,6,0,6,1
1762784026.168801,12,6,3.6,1.8,3.8418745424597094,12,0,12,1
1762784026.272008,16,4,6.8,3.4,5.660388679233963,16,0,16,1
1762784026.3737862,19,3,10.6,5.3,7.184010022264723,19,0,19,1
1762784026.4794822,22,3,15.0,7.5,8.476437931112336,22,0,22,1
1762784026.5811388,24,2,18.6,9.9,9.364293886887573,24,0,24,1
1762784026.6867359,25,1,21.2,12.4,9.718024490605075,25,0,25,1
1762784026.7897558,27,2,23.4,15.1,9.648315915225828,27,0,27,1
1762784026.895332,28,1,25.2,17.9,8.89325587172662,28,0,28,1
1762784027.000841,29,1,26.6,20.8,7.138627319029899,29,6,23,1
1762784027.104165,29,0,27.6,23.1,5.52177507691141,29,12,17,1
1762784027.209195,30,1,28.6,24.9,4.437341546466758,30,16,14,1
1762784027.314633,30,0,29.2,26.3,3.5227829907617076,30,19,11,1
1762784027.420428,31,1,29.8,27.5,2.80178514522438,31,22,9,1
1762784027.522263,31,0,30.2,28.4,2.289104628451919,31,24,7,1
1762784027.627934,31,0,30.6,29.1,1.8681541692269408,31,25,6,0
1762784027.733844,31,0,30.8,29.7,1.345362404707371,31,27,4,0
1762784027.83502,31,0,31.0,30.1,1.0440306508910548,31,28,3,0
1762784027.940945,32,1,31.2,30.5,0.9219544457292888,32,29,3,0
1762784028.043635,32,0,31.4,30.8,0.8717797887081349,32,29,3,0
1762784028.1473322,32,0,31.6,31.1,0.7,32,30,2,0
1762784028.251382,32,0,31.8,31.3,0.6403124237432849,32,30,2,0
1762784028.357356,32,0,32.0,31.5,0.5,32,31,1,0
1762784028.4635708,32,0,32.0,31.6,0.4898979485566356,32,31,1,0
1762784028.56563,32,0,32.0,31.7,0.45825756949558405,32,31,1,0
1762784028.671324,32,0,32.0,31.8,0.40000000000000013,32,31,1,0
1762784028.777691,32,0,32.0,31.9,0.2999999999999999,32,31,1,0
1762784028.881001,32,0,32.0,32.0,0.0,32,32,0,0
1762784028.986895,32,0,32.0,32.0,0.0,32,32,0,0
1762784029.08987,32,0,32.0,32.0,0.0,32,32,0,0
1762784029.1924841,32,0,32.0,32.0,0.0,32,32,0,0
1762784029.297118,32,0,32.0,32.0,0.0,32,32,0,0
1762784029.399563,32,0,32.0,32.0,0.0,32,32,0,0
1762784029.505674,32,0,32.0,32.0,0.0,32,32,0,0
1762784029.610612,32,0,32.0,32.0,0.0,32,32,0,0
1762784029.713757,32,0,32.0,32.0,0.0,32,32,0,0
1762784029.819703,32,0,32.0,32.0,0.0,32,32,0,0
1762784029.922508,32,0,32.0,32.0,0.0,32,32,0,0
1762784030.025126,32,0,32.0,32.0,0.0,32,32,0,0
1762784030.129627,32,0,32.0,32.0,0.0,32,32,0,0
1762784030.234159,32,0,32.0,32.0,0.0,32,32,0,0
1762784030.338819,32,0,32.0,32.0,0.0,32,32,0,0
1762784030.444851,32,0,32.0,32.0,0.0,32,32,0,0
1762784030.547132,32,0,32.0,32.0,0.0,32,32,0,0
1762784030.648333,32,0,32.0,32.0,0.0,32,32,0,0
1762784030.75425,32,0,32.0,32.0,0.0,32,32,0,0
1762784030.85922,32,0,32.0,32.0,0.0,32,32,0,0
1762784030.963779,32,0,32.0,32.0,0.0,32,32,0,0
1762784031.069676,32,0,32.0,32.0,0.0,32,32,0,0
1762784031.1753988,32,0,32.0,32.0,0.0,32,32,0,0
1762784031.281433,32,0,32.0,32.0,0.0,32,32,0,0
1762784031.383143,32,0,32.0,32.0,0.0,32,32,0,0
1762784031.48877,32,0,32.0,32.0,0.0,32,32,0,0
1762784031.594791,32,0,32.0,32.0,0.0,32,32,0,0
1762784031.700487,32,0,32.0,32.0,0.0,32,32,0,0
1762784031.806114,32,0,32.0,32.0,0.0,32,32,0,0
1762784031.9114501,32,0,32.0,32.0,0.0,32,32,0,0
1762784032.013792,32,0,32.0,32.0,0.0,32,32,0,0
1762784032.11973,32,0,32.0,32.0,0.0,32,32,0,0
1762784032.22285,32,0,32.0,32.0,0.0,32,32,0,0
1762784032.3289442,32,0,32.0,32.0,0.0,32,32,0,0
1762784032.4325771,32,0,32.0,32.0,0.0,32,32,0,0
1762784032.538132,32,0,32.0,32.0,0.0,32,32,0,0
1762784032.6424162,32,0,32.0,32.0,0.0,32,32,0,0
1762784032.747669,32,0,32.0,32.0,0.0,32,32,0,0
1762784032.852316,32,0,32.0,32.0,0.0,32,32,0,0
1762784032.95452,32,0,32.0,32.0,0.0,32,32,0,0
1762784033.060417,32,0,32.0,32.0,0.0,32,32,0,0
1762784033.163784,32,0,32.0,32.0,0.0,32,32,0,0
1762784033.2697668,32,0,32.0,32.0,0.0,32,32,0,0
1762784033.372405,32,0,32.0,32.0,0.0,32,32,0,0
1762784033.476659,32,0,32.0,32.0,0.0,32,32,0,0
1762784033.5796869,32,0,32.0,32.0,0.0,32,32,0,0
1762784033.686058,32,0,32.0,32.0,0.0,32,32,0,0
1762784033.79185,32,0,32.0,32.0,0.0,32,32,0,0
1762784033.897124,32,0,32.0,32.0,0.0,32,32,0,0
1762784034.000958,32,0,32.0,32.0,0.0,32,32,0,0
1762784034.1020439,32,0,32.0,32.0,0.0,32,32,0,0
1762784034.2033532,32,0,32.0,32.0,0.0,32,32,0,0
1762784034.30932,32,0,32.0,32.0,0.0,32,32,0,0
1762784034.415196,32,0,32.0,32.0,0.0,32,32,0,0
1762784034.521127,32,0,32.0,32.0,0.0,32,32,0,0
1762784034.626689,32,0,32.0,32.0,0.0,32,32,0,0
1762784034.7307599,32,0,32.0,32.0,0.0,32,32,0,0
1762784034.833078,32,0,32.0,32.0,0.0,32,32,0,0
1762784034.938821,32,0,32.0,32.0,0.0,32,32,0,0
1762784035.040968,32,0,32.0,32.0,0.0,32,32,0,0
1762784035.1508539,32,0,32.0,32.0,0.0,32,32,0,0
1762784035.255435,32,0,32.0,32.0,0.0,32,32,0,0
1762784035.359188,32,0,32.0,32.0,0.0,32,32,0,0
1762784035.46456,32,0,32.0,32.0,0.0,32,32,0,0
1762784035.570595,32,0,32.0,32.0,0.0,32,32,0,0
1762784035.6759381,32,0,32.0,32.0,0.0,32,32,0,0
1762784035.778255,32,0,32.0,32.0,0.0,32,32,0,0
1762784035.8823621,32,0,32.0,32.0,0.0,32,32,0,0
1762784035.985277,32,0,32.0,32.0,0.0,32,32,0,0
1762784036.088078,26,6,30.8,31.4,1.8,32,26,6,1
1762784036.190304,20,6,28.4,30.2,3.8418745424597094,32,20,12,1
1762784036.2961311,16,4,25.2,28.6,5.660388679233963,32,16,16,1
1762784036.402049,13,3,21.4,26.7,7.184010022264724,32,13,19,1
1762784036.507481,10,3,17.0,24.5,8.476437931112336,32,10,22,1
1762784036.611952,8,2,13.4,22.1,9.364293886887575,32,8,24,1
1762784036.712865,7,1,10.8,19.6,9.718024490605075,32,7,25,1
1762784036.813663,5,2,8.6,16.9,9.648315915225828,32,5,27,1
1762784036.914746,4,1,6.8,14.1,8.89325587172662,32,4,28,1
1762784037.019783,3,1,5.4,11.2,7.138627319029899,26,3,23,1
1762784037.123456,3,0,4.4,8.9,5.52177507691141,20,3,17,1
1762784037.227333,2,1,3.4,7.1,4.437341546466758,16,2,14,1
1762784037.333406,2,0,2.8,5.7,3.5227829907617076,13,2,11,1
1762784037.439202,1,1,2.2,4.5,2.80178514522438,10,1,9,1
1762784037.545335,1,0,1.8,3.6,2.2891046284519194,8,1,7,1
1762784037.6504939,1,0,1.4,2.9,1.8681541692269403,7,1,6,0
1762784037.75682,1,0,1.2,2.3,1.3453624047073711,5,1,4,0
1762784037.858558,1,0,1.0,1.9,1.044030650891055,4,1,3,0
1762784037.964061,0,1,0.8,1.5,0.9219544457292888,3,0,3,0
1762784038.070148,0,0,0.6,1.2,0.8717797887081347,3,0,3,0
1762784038.175325,0,0,0.4,0.9,0.7000000000000001,2,0,2,0
1762784038.279569,0,0,0.2,0.7,0.6403124237432849,2,0,2,0
1762784038.3825521,0,0,0.0,0.5,0.5,1,0,1,0
1762784038.488833,0,0,0.0,0.4,0.4898979485566357,1,0,1,0
1762784038.595142,0,0,0.0,0.3,0.45825756949558405,1,0,1,0
1762784038.697793,0,0,0.0,0.2,0.4000000000000001,1,0,1,0
1762784038.8041348,0,0,0.0,0.1,0.30000000000000004,1,0,1,0
1762784038.9110022,0,0,0.0,0.0,0.0,0,0,0,0
1762784039.012864,0,0,0.0,0.0,0.0,0,0,0,0
1762784039.118905,0,0,0.0,0.0,0.0,0,0,0,0
1762784039.221216,0,0,0.0,0.0,0.0,0,0,0,0
1762784039.326839,0,0,0.0,0.0,0.0,0,0,0,0
1762784039.433097,0,0,0.0,0.0,0.0,0,0,0,0
1762784039.539078,0,0,0.0,0.0,0.0,0,0,0,0
1762784039.6412401,0,0,0.0,0.0,0.0,0,0,0,0
1762784039.742775,0,0,0.0,0.0,0.0,0,0,0,0
1762784039.848653,0,0,0.0,0.0,0.0,0,0,0,0
1762784039.9545732,0,0,0.0,0.0,0.0,0,0,0,0
1762784040.0569348,0,0,0.0,0.0,0.0,0,0,0,0
1762784040.160762,0,0,0.0,0.0,0.0,0,0,0,0
1762784040.160762,0,0,0.0,0.0,0.0,0,0,0,0
1762784040.264479,0,0,0.0,0.0,0.0,0,0,0,0
1762784040.473354,0,0,0.0,0.0,0.0,0,0,0,0
1762784040.579317,0,0,0.0,0.0,0.0,0,0,0,0
1762784040.680507,0,0,0.0,0.0,0.0,0,0,0,0
1762784040.888871,0,0,0.0,0.0,0.0,0,0,0,0
1762784040.992558,0,0,0.0,0.0,0.0,0,0,0,0
1762784041.0964842,0,0,0.0,0.0,0.0,0,0,0,0
1762784041.198739,0,0,0.0,0.0,0.0,0,0,0,0
1762784041.304585,0,0,0.0,0.0,0.0,0,0,0,0
1762784041.304585,0,0,0.0,0.0,0.0,0,0,0,0
1762784041.614091,0,0,0.0,0.0,0.0,0,0,0,0
1762784041.717491,0,0,0.0,0.0,0.0,0,0,0,0
1762784041.925131,0,0,0.0,0.0,0.0,0,0,0,0
1762784042.030845,0,0,0.0,0.0,0.0,0,0,0,0
1762784042.135684,0,0,0.0,0.0,0.0,0,0,0,0
1762784042.238731,0,0,0.0,0.0,0.0,0,0,0,0
1762784042.342391,0,0,0.0,0.0,0.0,0,0,0,0
1762784042.446281,0,0,0.0,0.0,0.0,0,0,0,0
1762784042.550936,0,0,0.0,0.0,0.0,0,0,0,0
1762784042.655426,0,0,0.0,0.0,0.0,0,0,0,0
1762784042.858046,0,0,0.0,0.0,0.0,0,0,0,0
1762784043.274444,0,0,0.0,0.0,0.0,0,0,0,0
1762784043.584212,0,0,0.0,0.0,0.0,0,0,0,0
1762784043.689544,0,0,0.0,0.0,0.0,0,0,0,0
1762784043.7956731,0,0,0.0,0.0,0.0,0,0,0,0
1762784043.900853,0,0,0.0,0.0,0.0,0,0,0,0
1762784044.005059,0,0,0.0,0.0,0.0,0,0,0,0
1762784044.109696,0,0,0.0,0.0,0.0,0,0,0,0
1762784044.215756,0,0,0.0,0.0,0.0,0,0,0,0
1762784044.3193548,0,0,0.0,0.0,0.0,0,0,0,0
1762784044.423231,0,0,0.0,0.0,0.0,0,0,0,0
1762784044.524893,0,0,0.0,0.0,0.0,0,0,0,0
1762784044.629646,0,0,0.0,0.0,0.0,0,0,0,0
1762784044.735575,0,0,0.0,0.0,0.0,0,0,0,0
1762784044.841465,0,0,0.0,0.0,0.0,0,0,0,0
1762784044.946937,0,0,0.0,0.0,0.0,0,0,0,0
1762784045.051809,0,0,0.0,0.0,0.0,0,0,0,0
1762784045.152818,0,0,0.0,0.0,0.0,0,0,0,0
1762784045.2586849,0,0,0.0,0.0,0.0,0,0,0,0
1762784045.3646321,0,0,0.0,0.0,0.0,0,0,0,0
1762784045.466016,0,0,0.0,0.0,0.0,0,0,0,0
1762784045.571638,0,0,0.0,0.0,0.0,0,0,0,0
1762784045.677362,0,0,0.0,0.0,0.0,0,0,0,0
1762784045.779778,0,0,0.0,0.0,0.0,0,0,0,0
1762784045.885958,0,0,0.0,0.0,0.0,0,0,0,0
1762784045.990914,0,0,0.0,0.0,0.0,0,0,0,0
1762784046.094835,0,0,0.0,0.0,0.0,0,0,0,0
1762784046.1967978,0,0,0.0,0.0,0.0,0,0,0,0
1762784046.302766,0,0,0.0,0.0,0.0,0,0,0,0
1762784046.405874,0,0,0.0,0.0,0.0,0,0,0,0
1762784046.511651,0,0,0.0,0.0,0.0,0,0,0,0
1762784046.6142,0,0,0.0,0.0,0.0,0,0,0,0
1762784046.7203882,0,0,0.0,0.0,0.0,0,0,0,0
1762784046.821589,0,0,0.0,0.0,0.0,0,0,0,0
1762784046.925643,0,0,0.0,0.0,0.0,0,0,0,0
1762784047.0312378,0,0,0.0,0.0,0.0,0,0,0,0
1762784047.1345751,0,0,0.0,0.0,0.0,0,0,0,0
1762784047.240581,0,0,0.0,0.0,0.0,0,0,0,0
1762784047.342151,0,0,0.0,0.0,0.0,0,0,0,0
1762784047.4465542,0,0,0.0,0.0,0.0,0,0,0,0
1762784047.550774,0,0,0.0,0.0,0.0,0,0,0,0
1762784047.6568162,0,0,0.0,0.0,0.0,0,0,0,0
1762784047.7617788,0,0,0.0,0.0,0.0,0,0,0,0
1762784047.864151,0,0,0.0,0.0,0.0,0,0,0,0
1762784047.9676712,0,0,0.0,0.0,0.0,0,0,0,0
1762784048.070136,0,0,0.0,0.0,0.0,0,0,0,0
1762784048.176245,0,0,0.0,0.0,0.0,0,0,0,0
1762784048.277367,0,0,0.0,0.0,0.0,0,0,0,0
1762784048.38154,0,0,0.0,0.0,0.0,0,0,0,0
1762784048.4875772,0,0,0.0,0.0,0.0,0,0,0,0
1762784048.593375,0,0,0.0,0.0,0.0,0,0,0,0
1762784048.697282,0,0,0.0,0.0,0.0,0,0,0,0
1762784048.7985668,0,0,0.0,0.0,0.0,0,0,0,0
1762784048.900948,0,0,0.0,0.0,0.0,0,0,0,0
1762784049.006402,0,0,0.0,0.0,0.0,0,0,0,0
1762784049.1092741,0,0,0.0,0.0,0.0,0,0,0,0
1762784049.213904,0,0,0.0,0.0,0.0,0,0,0,0
1762784049.319977,0,0,0.0,0.0,0.0,0,0,0,0
1762784049.4253812,0,0,0.0,0.0,0.0,0,0,0,0
1762784049.527482,0,0,0.0,0.0,0.0,0,0,0,0
1762784049.6333172,0,0,0.0,0.0,0.0,0,0,0,0
1762784049.737924,0,0,0.0,0.0,0.0,0,0,0,0
1762784049.84372,0,0,0.0,0.0,0.0,0,0,0,0
1762784049.946548,0,0,0.0,0.0,0.0,0,0,0,0
1762784050.048509,0,0,0.0,0.0,0.0,0,0,0,0
1762784050.152019,0,0,0.0,0.0,0.0,0,0,0,0
1762784050.257372,0,0,0.0,0.0,0.0,0,0,0,0
1762784050.362088,0,0,0.0,0.0,0.0,0,0,0,0
1762784050.4642408,0,0,0.0,0.0,0.0,0,0,0,0
1762784050.566914,0,0,0.0,0.0,0.0,0,0,0,0
1762784050.672414,0,0,0.0,0.0,0.0,0,0,0,0
1762784050.778848,0,0,0.0,0.0,0.0,0,0,0,0
1762784050.882773,0,0,0.0,0.0,0.0,0,0,0,0
1762784050.986345,0,0,0.0,0.0,0.0,0,0,0,0
1762784051.092132,6,6,1.2,0.6,1.8000000000000003,6,0,6,1
1762784051.197973,12,6,3.6,1.8,3.8418745424597094,12,0,12,1
1762784051.303692,16,4,6.8,3.4,5.660388679233963,16,0,16,1
1762784051.405833,19,3,10.6,5.3,7.184010022264723,19,0,19,1
1762784051.507654,22,3,15.0,7.5,8.476437931112336,22,0,22,1
1762784051.613348,24,2,18.6,9.9,9.364293886887573,24,0,24,1
1762784051.719588,25,1,21.2,12.4,9.718024490605075,25,0,25,1
1762784051.825037,27,2,23.4,15.1,9.648315915225828,27,0,27,1
1762784051.930481,28,1,25.2,17.9,8.89325587172662,28,0,28,1
1762784052.0316749,29,1,26.6,20.8,7.138627319029899,29,6,23,1
1762784052.137621,29,0,27.6,23.1,5.52177507691141,29,12,17,1
1762784052.242555,30,1,28.6,24.9,4.437341546466758,30,16,14,1
1762784052.345765,30,0,29.2,26.3,3.5227829907617076,30,19,11,1
1762784052.447357,31,1,29.8,27.5,2.80178514522438,31,22,9,1
1762784052.553473,31,0,30.2,28.4,2.289104628451919,31,24,7,1
1762784052.655693,31,0,30.6,29.1,1.8681541692269408,31,25,6,0
1762784052.7615192,31,0,30.8,29.7,1.345362404707371,31,27,4,0
1762784052.8671281,31,0,31.0,30.1,1.0440306508910548,31,28,3,0
1762784052.9722939,32,1,31.2,30.5,0.9219544457292888,32,29,3,0
1762784053.073546,32,0,31.4,30.8,0.8717797887081349,32,29,3,0
1762784053.176141,32,0,31.6,31.1,0.7,32,30,2,0
1762784053.2806458,32,0,31.8,31.3,0.6403124237432849,32,30,2,0
1762784053.38411,32,0,32.0,31.5,0.5,32,31,1,0
1762784053.4903119,32,0,32.0,31.6,0.4898979485566356,32,31,1,0
1762784053.5962062,32,0,32.0,31.7,0.45825756949558405,32,31,1,0
1762784053.700931,32,0,32.0,31.8,0.40000000000000013,32,31,1,0
1762784053.8068202,32,0,32.0,31.9,0.2999999999999999,32,31,1,0
1762784053.913107,32,0,32.0,32.0,0.0,32,32,0,0
1762784054.017865,32,0,32.0,32.0,0.0,32,32,0,0
1762784054.122284,32,0,32.0,32.0,0.0,32,32,0,0
1762784054.224298,32,0,32.0,32.0,0.0,32,32,0,0
1762784054.326008,32,0,32.0,32.0,0.0,32,32,0,0
1762784054.430636,32,0,32.0,32.0,0.0,32,32,0,0
1762784054.533535,32,0,32.0,32.0,0.0,32,32,0,0
1762784054.637944,32,0,32.0,32.0,0.0,32,32,0,0
1762784054.743971,32,0,32.0,32.0,0.0,32,32,0,0
1762784054.846415,32,0,32.0,32.0,0.0,32,32,0,0
1762784054.950919,32,0,32.0,32.0,0.0,32,32,0,0
1762784055.056347,32,0,32.0,32.0,0.0,32,32,0,0
1762784055.159202,32,0,32.0,32.0,0.0,32,32,0,0
1762784055.2639601,32,0,32.0,32.0,0.0,32,32,0,0
1762784055.370201,32,0,32.0,32.0,0.0,32,32,0,0
1762784055.4734972,32,0,32.0,32.0,0.0,32,32,0,0
1762784055.5760489,32,0,32.0,32.0,0.0,32,32,0,0
1762784055.67729,32,0,32.0,32.0,0.0,32,32,0,0
1762784055.7823691,32,0,32.0,32.0,0.0,32,32,0,0
1762784055.8878982,32,0,32.0,32.0,0.0,32,32,0,0
1762784055.989153,32,0,32.0,32.0,0.0,32,32,0,0
1762784056.092598,32,0,32.0,32.0,0.0,32,32,0,0
1762784056.194342,32,0,32.0,32.0,0.0,32,32,0,0
1762784056.296649,32,0,32.0,32.0,0.0,32,32,0,0
1762784056.402976,32,0,32.0,32.0,0.0,32,32,0,0
1762784056.507018,32,0,32.0,32.0,0.0,32,32,0,0
1762784056.612582,32,0,32.0,32.0,0.0,32,32,0,0
1762784056.715721,32,0,32.0,32.0,0.0,32,32,0,0
1762784056.819819,32,0,32.0,32.0,0.0,32,32,0,0
1762784056.925098,32,0,32.0,32.0,0.0,32,32,0,0
1762784057.027311,32,0,32.0,32.0,0.0,32,32,0,0
1762784057.1351302,32,0,32.0,32.0,0.0,32,32,0,0
1762784057.237447,32,0,32.0,32.0,0.0,32,32,0,0
1762784057.338606,32,0,32.0,32.0,0.0,32,32,0,0
1762784057.4440682,32,0,32.0,32.0,0.0,32,32,0,0
1762784057.548815,32,0,32.0,32.0,0.0,32,32,0,0
1762784057.654238,32,0,32.0,32.0,0.0,32,32,0,0
1762784057.754921,32,0,32.0,32.0,0.0,32,32,0,0
1762784057.856106,32,0,32.0,32.0,0.0,32,32,0,0
1762784057.9614232,32,0,32.0,32.0,0.0,32,32,0,0
1762784058.064636,32,0,32.0,32.0,0.0,32,32,0,0
1762784058.170003,32,0,32.0,32.0,0.0,32,32,0,0
1762784058.2724202,32,0,32.0,32.0,0.0,32,32,0,0
1762784058.378494,32,0,32.0,32.0,0.0,32,32,0,0
1762784058.484396,32,0,32.0,32.0,0.0,32,32,0,0
1762784058.590633,32,0,32.0,32.0,0.0,32,32,0,0
1762784058.697473,32,0,32.0,32.0,0.0,32,32,0,0
1762784058.799009,32,0,32.0,32.0,0.0,32,32,0,0
1762784058.905387,32,0,32.0,32.0,0.0,32,32,0,0
1762784059.009227,32,0,32.0,32.0,0.0,32,32,0,0
1762784059.1149209,32,0,32.0,32.0,0.0,32,32,0,0
1762784059.217501,32,0,32.0,32.0,0.0,32,32,0,0
1762784059.321721,32,0,32.0,32.0,0.0,32,32,0,0
1762784059.427827,32,0,32.0,32.0,0.0,32,32,0,0
1762784059.5307531,32,0,32.0,32.0,0.0,32,32,0,0
1762784059.6344802,32,0,32.0,32.0,0.0,32,32,0,0
1762784059.739007,32,0,32.0,32.0,0.0,32,32,0,0
1762784059.841256,32,0,32.0,32.0,0.0,32,32,0,0
1762784059.942782,32,0,32.0,32.0,0.0,32,32,0,0
1762784060.045234,32,0,32.0,32.0,0.0,32,32,0,0
1762784060.1479082,32,0,32.0,32.0,0.0,32,32,0,0
1762784060.2541661,32,0,32.0,32.0,0.0,32,32,0,0
1762784060.359374,32,0,32.0,32.0,0.0,32,32,0,0
1762784060.464459,32,0,32.0,32.0,0.0,32,32,0,0
1762784060.5704598,32,0,32.0,32.0,0.0,32,32,0,0
1762784060.676258,32,0,32.0,32.0,0.0,32,32,0,0
1762784060.782273,32,0,32.0,32.0,0.0,32,32,0,0
1762784060.8881862,32,0,32.0,32.0,0.0,32,32,0,0
1762784060.9927711,32,0,32.0,32.0,0.0,32,32,0,0
1762784061.0988271,26,6,30.8,31.4,1.8,32,26,6,1
1762784061.204673,20,6,28.4,30.2,3.8418745424597094,32,20,12,1
1762784061.310545,16,4,25.2,28.6,5.660388679233963,32,16,16,1
1762784061.415584,13,3,21.4,26.7,7.184010022264724,32,13,19,1
1762784061.521992,10,3,17.0,24.5,8.476437931112336,32,10,22,1
1762784061.6236851,8,2,13.4,22.1,9.364293886887575,32,8,24,1
1762784061.727613,7,1,10.8,19.6,9.718024490605075,32,7,25,1
1762784061.829705,5,2,8.6,16.9,9.648315915225828,32,5,27,1
1762784061.931581,4,1,6.8,14.1,8.89325587172662,32,4,28,1
1762784062.037314,3,1,5.4,11.2,7.138627319029899,26,3,23,1
1762784062.140436,3,0,4.4,8.9,5.52177507691141,20,3,17,1
1762784062.2464051,2,1,3.4,7.1,4.437341546466758,16,2,14,1
1762784062.3483021,2,0,2.8,5.7,3.5227829907617076,13,2,11,1
1762784062.4510632,1,1,2.2,4.5,2.80178514522438,10,1,9,1
1762784062.55722,1,0,1.8,3.6,2.2891046284519194,8,1,7,1
1762784062.6636858,1,0,1.4,2.9,1.8681541692269403,7,1,6,0
1762784062.7677262,1,0,1.2,2.3,1.3453624047073711,5,1,4,0
1762784062.871331,1,0,1.0,1.9,1.044030650891055,4,1,3,0
1762784062.9736462,0,1,0.8,1.5,0.9219544457292888,3,0,3,0
1762784063.079923,0,0,0.6,1.2,0.8717797887081347,3,0,3,0
1762784063.1844249,0,0,0.4,0.9,0.7000000000000001,2,0,2,0
1762784063.289006,0,0,0.2,0.7,0.6403124237432849,2,0,2,0
1762784063.392768,0,0,0.0,0.5,0.5,1,0,1,0
1762784063.496653,0,0,0.0,0.4,0.4898979485566357,1,0,1,0
1762784063.599315,0,0,0.0,0.3,0.45825756949558405,1,0,1,0
1762784063.705562,0,0,0.0,0.2,0.4000000000000001,1,0,1,0
1762784063.8084638,0,0,0.0,0.1,0.30000000000000004,1,0,1,0
1762784063.9141061,0,0,0.0,0.0,0.0,0,0,0,0
1762784064.019552,0,0,0.0,0.0,0.0,0,0,0,0
1762784064.1222441,0,0,0.0,0.0,0.0,0,0,0,0
1762784064.228292,0,0,0.0,0.0,0.0,0,0,0,0
1762784064.333616,0,0,0.0,0.0,0.0,0,0,0,0
1762784064.439685,0,0,0.0,0.0,0.0,0,0,0,0
1762784064.545662,0,0,0.0,0.0,0.0,0,0,0,0
1762784064.6473181,0,0,0.0,0.0,0.0,0,0,0,0
1762784064.7533708,0,0,0.0,0.0,0.0,0,0,0,0
1762784064.855654,0,0,0.0,0.0,0.0,0,0,0,0
1762784064.961662,0,0,0.0,0.0,0.0,0,0,0,0
1762784065.065196,0,0,0.0,0.0,0.0,0,0,0,0
1762784065.170162,0,0,0.0,0.0,0.0,0,0,0,0
1762784065.2726169,0,0,0.0,0.0,0.0,0,0,0,0
1762784065.374371,0,0,0.0,0.0,0.0,0,0,0,0
1762784065.4757938,0,0,0.0,0.0,0.0,0,0,0,0
1762784065.5814772,0,0,0.0,0.0,0.0,0,0,0,0
1762784065.6877801,0,0,0.0,0.0,0.0,0,0,0,0
1762784065.790828,0,0,0.0,0.0,0.0,0,0,0,0
1762784065.89596,0,0,0.0,0.0,0.0,0,0,0,0
1762784066.001769,0,0,0.0,0.0,0.0,0,0,0,0
1762784066.105577,0,0,0.0,0.0,0.0,0,0,0,0
1762784066.21139,0,0,0.0,0.0,0.0,0,0,0,0
1762784066.317348,0,0,0.0,0.0,0.0,0,0,0,0
1762784066.4237518,0,0,0.0,0.0,0.0,0,0,0,0
1762784066.530117,0,0,0.0,0.0,0.0,0,0,0,0
1762784066.632711,0,0,0.0,0.0,0.0,0,0,0,0
1762784066.7381492,0,0,0.0,0.0,0.0,0,0,0,0
1762784066.8433971,0,0,0.0,0.0,0.0,0,0,0,0
1762784066.9465501,0,0,0.0,0.0,0.0,0,0,0,0
1762784067.0525591,0,0,0.0,0.0,0.0,0,0,0,0
1762784067.155073,0,0,0.0,0.0,0.0,0,0,0,0
1762784067.2610319,0,0,0.0,0.0,0.0,0,0,0,0
1762784067.3622599,0,0,0.0,0.0,0.0,0,0,0,0
1762784067.463943,0,0,0.0,0.0,0.0,0,0,0,0
1762784067.5671701,0,0,0.0,0.0,0.0,0,0,0,0
1762784067.672576,0,0,0.0,0.0,0.0,0,0,0,0
1762784067.777066,0,0,0.0,0.0,0.0,0,0,0,0
1762784067.880804,0,0,0.0,0.0,0.0,0,0,0,0
1762784067.9869812,0,0,0.0,0.0,0.0,0,0,0,0
1762784068.0891972,0,0,0.0,0.0,0.0,0,0,0,0
1762784068.190986,0,0,0.0,0.0,0.0,0,0,0,0
1762784068.293709,0,0,0.0,0.0,0.0,0,0,0,0
1762784068.399925,0,0,0.0,0.0,0.0,0,0,0,0
1762784068.504755,0,0,0.0,0.0,0.0,0,0,0,0
1762784068.609382,0,0,0.0,0.0,0.0,0,0,0,0
1762784068.712976,0,0,0.0,0.0,0.0,0,0,0,0
1762784068.819214,0,0,0.0,0.0,0.0,0,0,0,0
1762784068.9224691,0,0,0.0,0.0,0.0,0,0,0,0
1762784069.028803,0,0,0.0,0.0,0.0,0,0,0,0
1762784069.1345532,0,0,0.0,0.0,0.0,0,0,0,0
1762784069.240628,0,0,0.0,0.0,0.0,0,0,0,0
1762784069.3430479,0,0,0.0,0.0,0.0,0,0,0,0
1762784069.448245,0,0,0.0,0.0,0.0,0,0,0,0
1762784069.5510201,0,0,0.0,0.0,0.0,0,0,0,0
1762784069.652622,0,0,0.0,0.0,0.0,0,0,0,0
1762784069.7570539,0,0,0.0,0.0,0.0,0,0,0,0
1762784069.859392,0,0,0.0,0.0,0.0,0,0,0,0
1762784069.964117,0,0,0.0,0.0,0.0,0,0,0,0
1762784070.068863,0,0,0.0,0.0,0.0,0,0,0,0
1762784070.171593,0,0,0.0,0.0,0.0,0,0,0,0
1762784070.277515,0,0,0.0,0.0,0.0,0,0,0,0
1762784070.382766,0,0,0.0,0.0,0.0,0,0,0,0
1762784070.488797,0,0,0.0,0.0,0.0,0,0,0,0
1762784070.5930188,0,0,0.0,0.0,0.0,0,0,0,0
1762784070.699344,0,0,0.0,0.0,0.0,0,0,0,0
1762784070.804239,0,0,0.0,0.0,0.0,0,0,0,0
1762784070.910274,0,0,0.0,0.0,0.0,0,0,0,0
1762784071.015767,0,0,0.0,0.0,0.0,0,0,0,0
1762784071.122196,0,0,0.0,0.0,0.0,0,0,0,0
1762784071.2282171,0,0,0.0,0.0,0.0,0,0,0,0
1762784071.332907,0,0,0.0,0.0,0.0,0,0,0,0
1762784071.440129,0,0,0.0,0.0,0.0,0,0,0,0
1762784071.541763,0,0,0.0,0.0,0.0,0,0,0,0
1762784071.647786,0,0,0.0,0.0,0.0,0,0,0,0
1762784071.751848,0,0,0.0,0.0,0.0,0,0,0,0
1762784071.855586,0,0,0.0,0.0,0.0,0,0,0,0
1762784071.9562109,0,0,0.0,0.0,0.0,0,0,0,0
1762784072.061588,0,0,0.0,0.0,0.0,0,0,0,0
1762784072.167708,0,0,0.0,0.0,0.0,0,0,0,0
1762784072.167708,0,0,0.0,0.0,0.0,0,0,0,0
1762784072.37604,0,0,0.0,0.0,0.0,0,0,0,0
1762784072.584361,0,0,0.0,0.0,0.0,0,0,0,0
1762784072.689041,0,0,0.0,0.0,0.0,0,0,0,0
1762784072.7956638,0,0,0.0,0.0,0.0,0,0,0,0
1762784072.8972511,0,0,0.0,0.0,0.0,0,0,0,0
1762784073.003135,0,0,0.0,0.0,0.0,0,0,0,0
1762784073.1092212,0,0,0.0,0.0,0.0,0,0,0,0
1762784073.2141562,0,0,0.0,0.0,0.0,0,0,0,0
1762784073.3201861,0,0,0.0,0.0,0.0,0,0,0,0
1762784073.426101,0,0,0.0,0.0,0.0,0,0,0,0
1762784073.530576,0,0,0.0,0.0,0.0,0,0,0,0
1762784073.634548,0,0,0.0,0.0,0.0,0,0,0,0
1762784073.739446,0,0,0.0,0.0,0.0,0,0,0,0
1762784073.8456519,0,0,0.0,0.0,0.0,0,0,0,0
1762784073.947317,0,0,0.0,0.0,0.0,0,0,0,0
1762784074.053036,0,0,0.0,0.0,0.0,0,0,0,0
1762784074.155931,0,0,0.0,0.0,0.0,0,0,0,0
1762784074.259541,0,0,0.0,0.0,0.0,0,0,0,0
1762784074.365226,0,0,0.0,0.0,0.0,0,0,0,0
1762784074.471169,0,0,0.0,0.0,0.0,0,0,0,0
1762784074.576926,0,0,0.0,0.0,0.0,0,0,0,0
1762784074.680553,0,0,0.0,0.0,0.0,0,0,0,0
1762784074.786011,0,0,0.0,0.0,0.0,0,0,0,0
1762784074.891968,0,0,0.0,0.0,0.0,0,0,0,0
1762784074.9931011,0,0,0.0,0.0,0.0,0,0,0,0
1762784075.0974379,0,0,0.0,0.0,0.0,0,0,0,0
1762784075.20348,0,0,0.0,0.0,0.0,0,0,0,0
1762784075.309452,0,0,0.0,0.0,0.0,0,0,0,0
1762784075.414817,0,0,0.0,0.0,0.0,0,0,0,0
1762784075.517784,0,0,0.0,0.0,0.0,0,0,0,0
1762784075.622421,0,0,0.0,0.0,0.0,0,0,0,0
1762784075.724503,0,0,0.0,0.0,0.0,0,0,0,0
1762784075.829941,0,0,0.0,0.0,0.0,0,0,0,0
1762784075.931644,0,0,0.0,0.0,0.0,0,0,0,0
1762784076.034213,0,0,0.0,0.0,0.0,0,0,0,0
1762784076.140102,6,6,1.2,0.6,1.8000000000000003,6,0,6,1
1762784076.242801,12,6,3.6,1.8,3.8418745424597094,12,0,12,1
1762784076.3461509,16,4,6.8,3.4,5.660388679233963,16,0,16,1
1762784076.4474828,19,3,10.6,5.3,7.184010022264723,19,0,19,1
1762784076.549302,22,3,15.0,7.5,8.476437931112336,22,0,22,1
1762784076.654193,24,2,18.6,9.9,9.364293886887573,24,0,24,1
1762784076.7598982,25,1,21.2,12.4,9.718024490605075,25,0,25,1
1762784076.863723,27,2,23.4,15.1,9.648315915225828,27,0,27,1
1762784076.969227,28,1,25.2,17.9,8.89325587172662,28,0,28,1
1762784077.075001,29,1,26.6,20.8,7.138627319029899,29,6,23,1
1762784077.17984,29,0,27.6,23.1,5.52177507691141,29,12,17,1
1762784077.282111,30,1,28.6,24.9,4.437341546466758,30,16,14,1
1762784077.3846972,30,0,29.2,26.3,3.5227829907617076,30,19,11,1
1762784077.48655,31,1,29.8,27.5,2.80178514522438,31,22,9,1
1762784077.588866,31,0,30.2,28.4,2.289104628451919,31,24,7,1
1762784077.690225,31,0,30.6,29.1,1.8681541692269408,31,25,6,0
1762784077.7946901,31,0,30.8,29.7,1.345362404707371,31,27,4,0
1762784077.898168,31,0,31.0,30.1,1.0440306508910548,31,28,3,0
1762784077.999902,32,1,31.2,30.5,0.9219544457292888,32,29,3,0
1762784078.105917,32,0,31.4,30.8,0.8717797887081349,32,29,3,0
1762784078.2092621,32,0,31.6,31.1,0.7,32,30,2,0
1762784078.31673,32,0,31.8,31.3,0.6403124237432849,32,30,2,0
1762784078.4177349,32,0,32.0,31.5,0.5,32,31,1,0
1762784078.523802,32,0,32.0,31.6,0.4898979485566356,32,31,1,0
1762784078.6311,32,0,32.0,31.7,0.45825756949558405,32,31,1,0
1762784078.7371662,32,0,32.0,31.8,0.40000000000000013,32,31,1,0
1762784078.839916,32,0,32.0,31.9,0.2999999999999999,32,31,1,0
1762784078.946053,32,0,32.0,32.0,0.0,32,32,0,0
1762784079.052599,32,0,32.0,32.0,0.0,32,32,0,0
1762784079.155756,32,0,32.0,32.0,0.0,32,32,0,0
1762784079.257408,32,0,32.0,32.0,0.0,32,32,0,0
1762784079.3633761,32,0,32.0,32.0,0.0,32,32,0,0
1762784079.468541,32,0,32.0,32.0,0.0,32,32,0,0
1762784079.571423,32,0,32.0,32.0,0.0,32,32,0,0
1762784079.6762261,32,0,32.0,32.0,0.0,32,32,0,0
1762784079.780064,32,0,32.0,32.0,0.0,32,32,0,0
1762784079.8844538,32,0,32.0,32.0,0.0,32,32,0,0
1762784079.990863,32,0,32.0,32.0,0.0,32,32,0,0
1762784080.092766,32,0,32.0,32.0,0.0,32,32,0,0
1762784080.198389,32,0,32.0,32.0,0.0,32,32,0,0
1762784080.304729,32,0,32.0,32.0,0.0,32,32,0,0
1762784080.409413,32,0,32.0,32.0,0.0,32,32,0,0
1762784080.515618,32,0,32.0,32.0,0.0,32,32,0,0
1762784080.621702,32,0,32.0,32.0,0.0,32,32,0,0
1762784080.725706,32,0,32.0,32.0,0.0,32,32,0,0
1762784080.830988,32,0,32.0,32.0,0.0,32,32,0,0
1762784080.937006,32,0,32.0,32.0,0.0,32,32,0,0
1762784081.041594,32,0,32.0,32.0,0.0,32,32,0,0
1762784081.147006,32,0,32.0,32.0,0.0,32,32,0,0
1762784081.2530031,32,0,32.0,32.0,0.0,32,32,0,0
1762784081.355453,32,0,32.0,32.0,0.0,32,32,0,0
1762784081.458324,32,0,32.0,32.0,0.0,32,32,0,0
1762784081.56317,32,0,32.0,32.0,0.0,32,32,0,0
1762784081.668452,32,0,32.0,32.0,0.0,32,32,0,0
1762784081.772788,32,0,32.0,32.0,0.0,32,32,0,0
1762784081.8782852,32,0,32.0,32.0,0.0,32,32,0,0
1762784081.9798841,32,0,32.0,32.0,0.0,32,32,0,0
1762784082.085063,32,0,32.0,32.0,0.0,32,32,0,0
1762784082.191212,32,0,32.0,32.0,0.0,32,32,0,0
1762784082.292795,32,0,32.0,32.0,0.0,32,32,0,0
1762784082.396428,32,0,32.0,32.0,0.0,32,32,0,0
1762784082.501133,32,0,32.0,32.0,0.0,32,32,0,0
1762784082.606781,32,0,32.0,32.0,0.0,32,32,0,0
1762784082.712681,32,0,32.0,32.0,0.0,32,32,0,0
1762784082.815097,32,0,32.0,32.0,0.0,32,32,0,0
1762784082.919997,32,0,32.0,32.0,0.0,32,32,0,0
1762784083.02272,32,0,32.0,32.0,0.0,32,32,0,0
1762784083.126011,32,0,32.0,32.0,0.0,32,32,0,0
1762784083.232096,32,0,32.0,32.0,0.0,32,32,0,0
1762784083.3345149,32,0,32.0,32.0,0.0,32,32,0,0
1762784083.439326,32,0,32.0,32.0,0.0,32,32,0,0
1762784083.545248,32,0,32.0,32.0,0.0,32,32,0,0
1762784083.646521,32,0,32.0,32.0,0.0,32,32,0,0
1762784083.752505,32,0,32.0,32.0,0.0,32,32,0,0
1762784083.856995,32,0,32.0,32.0,0.0,32,32,0,0
1762784083.9596312,32,0,32.0,32.0,0.0,32,32,0,0
1762784084.064275,32,0,32.0,32.0,0.0,32,32,0,0
1762784084.167812,32,0,32.0,32.0,0.0,32,32,0,0
1762784084.27357,32,0,32.0,32.0,0.0,32,32,0,0
1762784084.3777,32,0,32.0,32.0,0.0,32,32,0,0
1762784084.4827971,32,0,32.0,32.0,0.0,32,32,0,0
1762784084.587141,32,0,32.0,32.0,0.0,32,32,0,0
1762784084.693364,32,0,32.0,32.0,0.0,32,32,0,0
1762784084.79746,32,0,32.0,32.0,0.0,32,32,0,0
1762784084.9028401,32,0,32.0,32.0,0.0,32,32,0,0
1762784085.008605,32,0,32.0,32.0,0.0,32,32,0,0
1762784085.114965,32,0,32.0,32.0,0.0,32,32,0,0
1762784085.22081,32,0,32.0,32.0,0.0,32,32,0,0
1762784085.326953,32,0,32.0,32.0,0.0,32,32,0,0
1762784085.429774,32,0,32.0,32.0,0.0,32,32,0,0
1762784085.532368,32,0,32.0,32.0,0.0,32,32,0,0
1762784085.638797,32,0,32.0,32.0,0.0,32,32,0,0
1762784085.7450209,32,0,32.0,32.0,0.0,32,32,0,0
1762784085.8475242,32,0,32.0,32.0,0.0,32,32,0,0
1762784085.95354,32,0,32.0,32.0,0.0,32,32,0,0
1762784086.059629,32,0,32.0,32.0,0.0,32,32,0,0
1762784086.165736,26,6,30.8,31.4,1.8,32,26,6,1
1762784086.267134,20,6,28.4,30.2,3.8418745424597094,32,20,12,1
1762784086.371565,16,4,25.2,28.6,5.660388679233963,32,16,16,1
1762784086.476452,13,3,21.4,26.7,7.184010022264724,32,13,19,1
1762784086.581024,10,3,17.0,24.5,8.476437931112336,32,10,22,1
1762784086.6845481,8,2,13.4,22.1,9.364293886887575,32,8,24,1
1762784086.790121,7,1,10.8,19.6,9.718024490605075,32,7,25,1
1762784086.893794,5,2,8.6,16.9,9.648315915225828,32,5,27,1
1762784086.9962728,4,1,6.8,14.1,8.89325587172662,32,4,28,1
1762784087.1021838,3,1,5.4,11.2,7.138627319029899,26,3,23,1
1762784087.207448,3,0,4.4,8.9,5.52177507691141,20,3,17,1
1762784087.313459,2,1,3.4,7.1,4.437341546466758,16,2,14,1
1762784087.4180758,2,0,2.8,5.7,3.5227829907617076,13,2,11,1
1762784087.524349,1,1,2.2,4.5,2.80178514522438,10,1,9,1
1762784087.63078,1,0,1.8,3.6,2.2891046284519194,8,1,7,1
1762784087.734633,1,0,1.4,2.9,1.8681541692269403,7,1,6,0
1762784087.83912,1,0,1.2,2.3,1.3453624047073711,5,1,4,0
1762784087.9431198,1,0,1.0,1.9,1.044030650891055,4,1,3,0
1762784088.047832,0,1,0.8,1.5,0.9219544457292888,3,0,3,0
1762784088.15051,0,0,0.6,1.2,0.8717797887081347,3,0,3,0
1762784088.25487,0,0,0.4,0.9,0.7000000000000001,2,0,2,0
1762784088.359504,0,0,0.2,0.7,0.6403124237432849,2,0,2,0
1762784088.464653,0,0,0.0,0.5,0.5,1,0,1,0
1762784088.567616,0,0,0.0,0.4,0.4898979485566357,1,0,1,0
1762784088.567616,0,0,0.0,0.3,0.45825756949558405,1,0,1,0
1762784088.673663,0,0,0.0,0.2,0.4000000000000001,1,0,1,0
1762784088.776274,0,0,0.0,0.1,0.30000000000000004,1,0,1,0
1762784088.880655,0,0,0.0,0.0,0.0,0,0,0,0
1762784088.986443,0,0,0.0,0.0,0.0,0,0,0,0
1762784089.0904782,0,0,0.0,0.0,0.0,0,0,0,0
1762784089.4017248,0,0,0.0,0.0,0.0,0,0,0,0
1762784089.5075898,0,0,0.0,0.0,0.0,0,0,0,0
1762784089.613052,0,0,0.0,0.0,0.0,0,0,0,0
1762784089.819655,0,0,0.0,0.0,0.0,0,0,0,0
1762784089.922026,0,0,0.0,0.0,0.0,0,0,0,0
1762784090.1298041,0,0,0.0,0.0,0.0,0,0,0,0
1762784090.2318301,0,0,0.0,0.0,0.0,0,0,0,0
1762784090.3381052,0,0,0.0,0.0,0.0,0,0,0,0
1762784090.442861,0,0,0.0,0.0,0.0,0,0,0,0
1762784090.547481,0,0,0.0,0.0,0.0,0,0,0,0
1762784090.65377,0,0,0.0,0.0,0.0,0,0,0,0
